Rank,company_id,year,return_on_equity_pct,net_profit_margin_pct,operating_profit_margin_pct,debt_to_equity,interest_coverage,asset_turnover,free_cash_flow_cr,capex_cr,earnings_per_share,book_value_per_share,dividend_payout_ratio_pct,total_debt_cr,cash_from_operations_cr,company_name,roce_percentage,roe_percentage,sales,net_profit,eps,opm_percentage,compounded_sales_growth,compounded_profit_growth,stock_price_cagr,market_cap_crore,enterprise_value_crore,pe_ratio,pb_ratio,ev_ebitda,dividend_yield_pct,broad_sector,sub_sector,market_cap_category,return_on_equity_pct_score,net_profit_margin_pct_score,operating_profit_margin_pct_score,asset_turnover_score,free_cash_flow_cr_score,compounded_sales_growth_score,compounded_profit_growth_score,composite_quality_score
1,TCS,2022,43.13,20.05,28,0.0877,72.7997,1.3607,39211,738,105,24.3549,41,7818,39949,Tata Consultancy Services Ltd,64.3,0.52,191754,38449,105,28,10.0,8.0,,422088.96,421038.16,46.18,8.56,20.79,0.81,Information Technology,IT Services,Large Cap,100.0,74.23076923076923,100.0,90.01326162233848,100.0,0,0,75.14
2,INDIGO,2024,892.57,11.85,16331,0.0186,22.6126,56.3863,9424,11759,212,1.9062,0,17,21183,Interglobe Aviation Ltd,24.5,,68904,8167,212,16331,,,,1040632.92,1061542.29,76.23,7.87,24.64,4.27,Consumer Discretionary,Airlines,Large Cap,100.0,49.4154895275207,100.0,100.0,100.0,0,0,72.41
3,COALINDIA,2016,40.96,18.32,18714,0.0344,9.9631,0.6856,21308,8154,23,0.5515,121,1199,13154,Coal India Ltd,63.6,52.0,77861,14267,23,18714,,,,,,,,,,Materials,Mining & Metals,Large Cap,100.0,100.0,100.0,7.253550668184803,100.0,0,0,70.73
4,POWERGRID,2022,22.07,40.42,86,1.7666,5.0421,0.1659,26877,753,18,1.0931,61,134696,26124,Power Grid Corporation of India Ltd,13.2,19.0,41622,16824,18,86,,,,270631.91,263995.91,65.69,3.16,26.9,4.37,Energy,Power Transmission,Large Cap,80.33820578962455,100.0,100.0,0.520521442719609,100.0,0,0,65.14
5,HINDUNILVR,2020,82.1,16.98,9861,0.0,70.6297,1.974,9414,1791,31,3.8097,80,0,7623,"Hindustan Unilever Ltd
",27.2,20.2,39783,6756,31,9861,,,,365239.67,374855.61,22.92,6.47,12.11,3.14,Consumer Staples,FMCG,Mid Cap,75.29871926351689,44.90191017036656,100.0,84.21874789587794,100.0,0,0,63.98
6,INFY,2023,31.97,16.43,24,0.1101,133.2077,1.1779,21396,1071,58,3.6446,73,8299,22467,Infosys Ltd,40.0,31.8,146767,24108,58,24,13.0,11.0,,871427.0,1021527.28,71.12,11.97,5.78,0.56,Information Technology,IT Services,Large Cap,56.21814475025481,39.42307692307692,60.0,56.34347601856626,53.46522756718353,100,100,62.62
7,HEROMOTOCO,2015,36.15,8.58,3520,0.0153,73.9415,2.5848,2217,31,118,16.35,51,100,2186,"Hero MotoCorp Ltd
",29.1,22.0,27538,2364,118,3520,,,,,,,,,,Consumer Discretionary,Two Wheelers,Large Cap,90.00155074823599,29.50560155869459,87.81097637204644,100.0,69.87358341083669,0,0,60.58
8,ADANIPOWER,2024,48.28,41.37,36,0.8023,8.2972,0.5472,17651,3481,54,1.1186,0,34616,14170,Adani Power Ltd,32.2,57.1,50351,20829,54,36,,,,1372183.55,1357949.64,44.57,9.91,24.76,1.65,Energy,Power & Utilities,Large Cap,100.0,100.0,47.46835443037978,22.47570132203234,64.49162131580366,0,0,59.04
9,TATASTEEL,2022,36.48,17.11,26,0.6603,11.862,0.8638,33476,10905,33,9.3729,16,75561,44381,"Tata Steel Ltd
",7.02,6.55,243959,41749,33,26,,,,358418.76,342775.45,33.03,9.76,22.35,0.52,Materials,Steel,Mid Cap,100.0,95.51948051948054,0.05297148635850459,28.61149397734763,100.0,0,0,57.2
10,HAL,2021,2249.31,14.16,23,0.0417,21.3521,123.0215,13934,1190,48,2.88,31,6,15124,Hindustan Aeronautics Ltd,38.9,28.9,22882,3239,48,23,,,,1800174.45,2098463.2,8.56,2.01,35.03,0.38,Industrials,Defence & Aerospace,Large Cap,100.0,22.34822762460954,24.52830188679245,100.0,100.0,0,0,57.03
11,TORNTPHARM,2016,49.6,25.92,41,0.6732,15.0272,0.7525,1873,869,51,4.1106,34,2352,2742,Torrent Pharmaceuticals Ltd,23.2,24.2,6687,1733,51,41,,,,,,,,,,Healthcare,Pharmaceuticals,Large Cap,100.0,90.4844467108618,1.195591257238932,69.54793840039738,68.71727748691099,0,0,56.01
12,HDFCBANK,2021,15.18,24.78,16848,7.2037,1.9197,0.0714,40653,1823,58,38.078,11,1511418,42476,HDFC Bank Ltd,7.67,17.1,128552,31857,58,16848,22.0,23.0,,573615.98,564871.82,11.64,8.0,17.14,2.44,Financials,Private Banks,Large Cap,6.531332744924963,90.94858797972483,100.0,0.8713893819590127,100.0,0,100,55.36
13,BPCL,2024,35.51000000000001,5.99,10,0.7219,11.3555,2.2137,25415,10521,62,3.541,33,54599,35936,Bharat Petroleum Corporation Ltd,32.1,41.9,448083,26859,62,10,,,,468662.13,606487.07,68.15,0.72,26.59,1.15,Energy,Oil & Gas Refining,Large Cap,100.0,5.68281938325991,6.329113924050637,100.0,94.37315742073541,0,0,50.96
14,BEL,2023,3981.33,16.84,23,0.52,230.0526,123.1528,3907,2708,4,0.6818,44,39,1199,Bharat Electronics Ltd,34.6,26.3,17734,2986,4,23,,,,1055965.69,1261553.4,18.0,12.66,25.88,4.22,Industrials,Defence Electronics,Large Cap,100.0,31.44777943772919,24.52830188679245,100.0,47.24157217674276,0,0,50.48
15,DIVISLAB,2016,26.23,29.82,38,0.0098,303.2,0.7709,632,406,42,8.1,24,42,1038,Divis Laboratories Ltd,16.5,12.2,3776,1126,42,38,,,,,,,,,,Healthcare,Pharmaceuticals,Large Cap,100.0,100.0,1.055482906781244,76.07692853594492,17.95647905759162,0,0,50.46
16,NAUKRI,2018,24.5,50.71,22,0.0005,124.0,0.3806,104,149,42,1.6762,13,1,253,Info Edge (India) Ltd,3.65,2.44,988,501,42,22,,,,,,,,,,Communication Services,Internet & Platforms,Large Cap,100.0,98.78219687817136,58.79999999999998,8.477806467478151,0.5407186923877105,0,0,49.57
17,IOC,2024,23.53,5.56,10,0.7231,10.2823,1.6084,39635,31464,30,1.3318,40,132628,71099,"Indian Oil Corporation
",21.31,25.44,776352,43161,30,10,,,,1418164.33,1786391.89,28.61,4.24,33.71,1.25,Energy,Oil & Gas Refining,Mid Cap,90.79965606190889,4.498898678414094,6.329113924050637,83.57939103597587,100.0,0,0,47.68
18,SUNPHARMA,2017,21.41,24.85,32,0.2683,26.78,0.5169,2896,4186,29,15.2667,12,9832,7082,Sun Pharmaceuticals Industries Ltd,17.3,16.7,31578,7846,29,32,,,,,,,,,,Healthcare,Pharmaceuticals,Large Cap,74.85584218512898,85.02804691483938,0.7752662058658697,0.0,100.0,0,0,46.58
19,NESTLEIND,2024,117.75,16.12,24,0.1033,41.1862,2.3182,2938,1237,41,3.4792,79,345,4175,Nestle India Ltd,185.43,135.61,24394,3933,41,24,,,,1677775.19,1677279.88,54.96,14.34,15.49,3.85,Consumer Staples,Food Products,Large Cap,100.0,39.35209086215799,0.1238791882963662,100.0,32.13581118932217,0,0,45.74
20,TATAMOTORS,2024,37.46,7.26,14,1.2631,6.5302,1.1851,45133,22782,94,11.0859,7,107262,67915,Tata Motors Ltd,20.1,49.4,437928,31807,94,14,,,,1504106.64,1588737.42,67.07,0.93,15.35,3.65,Consumer Discretionary,Automobiles,Large Cap,95.08025122121421,21.46858256210424,0.1500187523440429,27.93091541245952,100.0,0,0,44.81
21,CIPLA,2024,15.55,16.12,6291,0.0209,35.3388,0.7922,1152,2982,51,16.5876,25,559,4134,"Cipla Ltd
",22.8,16.8,25774,4154,51,6291,,,,439803.15,562931.78,59.75,5.93,33.7,0.12,Healthcare,Pharmaceuticals,Large Cap,30.39453717754173,40.50994390617033,100.0,83.63494429068197,39.22611256544503,0,0,42.92
22,EICHERMOT,2016,36.63,21.68,27,0.0063,1008.0,1.2498,462,1001,49,13.5296,20,23,1463,Eicher Motors Ltd,31.1,24.2,6173,1338,49,27,,,,,,,,,,Consumer Discretionary,Two Wheelers,Large Cap,91.86244863146467,100.0,0.4750593824228025,31.78283958849304,9.420963797320105,0,0,42.63
23,JSWSTEEL,2022,31.11,14.3,27,1.0734,8.1952,0.7449,11522,14748,85,22.3578,25,72237,26270,JSW Steel Ltd,13.36,11.66,146371,20938,85,27,,,,2278384.96,2746916.82,36.76,12.62,39.17,2.73,Materials,Steel,Large Cap,77.05421660681063,65.10822510822514,0.05832214154623232,14.36087972673338,75.5583783930658,0,0,41.81
24,IRCTC,2023,40.6,28.41,36,0.0339,89.0,0.6958,495,317,13,1.5488,44,84,812,Indian Railway Catering & Tourism Corporation Ltd,53.8,40.4,3541,1006,13,36,,,,1359334.39,1302404.03,22.05,11.74,14.17,2.02,Consumer Discretionary,Travel & Tourism,Mid Cap,100.0,100.0,0.7000875109388669,0.0,10.55767972167683,0,0,41.69
25,DRREDDY,2014,24.96,14.63,24,0.5692,26.937,0.8434,366,1604,23,9.2529,16,4477,1970,Dr Reddys Laboratories Ltd,26.5,21.4,13415,1963,23,24,,,,,,,,,,Healthcare,Pharmaceuticals,Mid Cap,100.0,32.91177970423254,0.4016439379787035,100.0,7.076243455497382,0,0,41.06
26,ADANIPORTS,2024,15.35,30.34,58,0.9373,5.9495,0.2283,8250,6768,38,12.2171,16,49470,15018,"Adani Ports & Special Economic Zone Ltd
",12.9,18.1,26711,8104,38,58,,,,675598.01,611165.74,48.9,2.31,31.76,1.16,Industrials,Infrastructure,Large Cap,0.147325840169038,77.28507401874236,90.56603773584906,0.04713013624870448,100.0,0,0,40.22
27,ASIANPAINT,2024,29.68,15.66,21,0.1321,41.0049,1.1871,3556,2548,57,19.5083,58,2474,6104,"Asian Paints
Indian Multi-National Paint and Coating Manufacturing Company",41.75,31.45,35495,5558,57,21,,,,2126725.18,2475080.63,73.37,3.9,23.94,2.42,Materials,Paints & Coatings,Large Cap,70.86668685907145,79.82683982683984,0.0262182104198659,67.36022053095225,21.44594190690976,0,0,39.65
28,TRENT,2024,36.31,11.94,16,0.4309,8.0435,1.7279,841,508,42,11.3,8,1753,1349,Trent Ltd,23.8,27.2,12375,1477,42,16,,,,571322.04,566293.08,8.65,11.82,34.65,3.46,Consumer Discretionary,Retail,Large Cap,90.62185004264556,49.96346809547004,0.2000250031253906,60.2465945894456,22.47597395887155,0,0,39.58
29,PIDILITIND,2016,30.59,15.05,22,0.0303,96.4615,1.4435,416,491,16,5.1725,26,80,907,Pidilite Industries Ltd,29.7,22.8,5361,807,16,22,,,,,,,,,,Materials,Specialty Chemicals,Large Cap,74.80420578945092,73.22510822510824,0.03156886560759364,98.09072931024151,0.1161590087764582,0,0,39.52
30,TITAN,2024,37.22,6.84,10,1.6531,9.412,1.6193,1506,189,39,10.5539,28,15528,1695,"Titan Company Ltd
",22.7,32.9,51084,3496,39,10,,,,1793769.72,2116401.21,10.13,10.51,21.0,3.1,Consumer Discretionary,Gems & Jewellery,Large Cap,94.14980227959988,18.9113492450073,0.05000625078134764,53.78107734806628,45.38252213151458,0,0,38.57
31,ONGC,2022,19.0,10.03,16,0.4701,15.2161,0.8422,37051,41197,36,4.1256,29,121986,78248,Oil & Natural Gas Corpn Ltd,19.71,14.32,491246,49294,36,16,,,,406613.69,429326.73,44.82,14.33,23.74,4.48,Energy,Oil & Gas Exploration,Large Cap,58.34049871023217,16.80616740088105,15.82278481012659,39.46174397715234,100.0,0,0,38.43
32,MOTHERSON,2014,37.07,3.61,8,1.6357,9.2109,1.9951,1323,1372,2,3.3625,29,4840,2695,Samvardhana Motherson International Ltd,13.7,11.8,30414,1097,2,8,,,,,,,,,,Consumer Discretionary,Auto Ancillaries,Large Cap,93.56827169109093,0.0,0.0,76.154386549819,39.07891564190003,0,0,36.87
33,BHARTIARTL,2016,10.32,7.140000000000001,35,1.5074,4.5451,0.43,13851,14091,11,3.3402,9,100646,27942,Bharti Airtel Ltd,13.1,14.9,96532,6893,11,35,,,,,,,,,,Communication Services,Telecommunications,Large Cap,0.0,0.0,100.0,38.84790360260663,100.0,0,0,33.88
34,ITC,2023,28.16,27.46,36,0.0044,356.4359,0.8263,13146,5732,15,5.5636,100,306,18878,"ITC Ltd
",34.76,29.47,70919,19477,15,36,,,,376827.06,485289.24,55.53,3.36,31.27,0.78,Consumer Staples,Diversified FMCG,Large Cap,10.97569701161487,100.0,0.3008494572911751,6.941919497973307,100.0,0,0,33.48
35,SHREECEM,2013,26.12,18.53,29,0.3351,9.057,0.8795,990,270,288,10.9829,7,1288,1260,Shree Cement Ltd,14.8,12.2,5418,1004,288,29,,,,,,,,,,Materials,Cement,Large Cap,55.4627666479166,100.0,0.0690234519216878,30.49319829807634,4.015297665951145,0,0,32.53
36,HINDALCO,2022,17.56,7.04,28347,0.8247,133.0623,0.8792,10065,6773,61,35.2212,6,64486,16838,Hindalco Industries Ltd,11.3,10.2,195059,13730,61,28347,,,,477796.57,514931.21,58.41,9.72,9.1,2.8,Materials,Metals & Mining,Large Cap,18.4241270390723,0.0,100.0,30.45724216455923,65.66108741135236,0,0,32.5
37,BOSCHLTD,2017,19.79,16.68,19,0.0,106.4815,0.8843,2703,1246,570,29.33,29,0,1457,Bosch Ltd,20.6,16.0,10435,1741,570,19,,,,,,,,,,Consumer Discretionary,Auto Ancillaries,Large Cap,26.57594789485926,78.82367267413541,0.275034379297412,10.02274242712897,86.61430884227205,0,0,32.5
38,NHPC,2017,11.99,40.36,57,0.6627,6.2921,0.1433,6465,1864,3,0.2828,61,19227,8329,"NHPC Ltd
",7.67,9.61,8623,3480,3,57,,,,,,,,,,Energy,Power & Utilities,Large Cap,8.111206649469763,100.0,80.69620253164562,0.0,21.43973274422114,0,0,32.35
39,APOLLOHOSP,2022,19.7,7.56,15,0.7235,6.7467,1.1057,949,747,73,7.8097,16,4068,1696,"Apollo Hospitals
Chain of Indian private hospitals",17.2,13.81,14663,1108,73,15,,,,1499729.8,1505860.05,53.27,1.11,18.53,1.32,Healthcare,Healthcare,Large Cap,61.88163884673747,0.0,0.0,100.0,30.92277486910995,0,0,30.11
40,MARUTI,2018,18.52,9.87,15,0.0028,41.2514,1.3247,3486,8302,261,28.1848,31,121,11788,Maruti Suzuki India Ltd,23.67,15.75,79809,7881,261,15,,,,,,,,,,Consumer Discretionary,Automobiles,Mid Cap,21.65232224548344,37.35996103263516,0.1750218777347167,36.24202228995998,100.0,0,0,29.67
41,JINDALSTEL,2022,18.99,13.22,30,0.379,7.2431,0.6676,13717,2331,56,35.2723,5,13502,16048,Jindal Steel & Power Ltd,13.2,14.1,51166,6766,56,30,,,,349306.1,394403.82,47.36,3.25,23.96,4.38,Materials,Steel,Large Cap,24.61165678681147,53.41991341991343,0.07437410710941553,5.096182657158254,90.46884764828955,0,0,28.26
42,JSWENERGY,2015,18.06,14.53,39,1.2362,3.3597,0.4813,2972,422,8,0.4584,24,9294,3394,JSW Energy Ltd,8.59,8.4,9347,1358,8,39,,,,,,,,,,Energy,Power & Utilities,Mid Cap,51.60504442533678,29.19603524229075,52.21518987341776,18.68119213229536,7.996120480629345,0,0,28.18
43,GAIL,2022,19.19,13.26,16,0.1437,89.5347,0.9605,3930,5490,18,1.444,36,9216,9420,GAIL (India) Ltd,14.7,14.0,92770,12304,18,16,,,,1209368.79,1283114.71,66.94,6.52,20.9,3.73,Energy,Gas Distribution,Large Cap,59.70192032100891,25.69933920704845,15.82278481012659,46.27343498088351,11.68320337456606,0,0,27.53
44,BRITANNIA,2023,65.53,14.21,17,0.848,20.284,1.7432,1019,1507,96,14.725,75,2997,2526,Britannia Industries Ltd,48.9,57.1,16301,2316,96,17,,,,285063.86,344785.02,25.49,4.57,25.98,4.06,Consumer Staples,Food Products,Large Cap,55.53912566481433,27.02632937532267,0.02064653138272769,68.67854401486689,8.765862094161776,0,0,26.12
45,SBILIFE,2013,23.03,4.24,3,0.0,179.75,0.2768,903,227,6,0.2736,8,0,1130,SBI Life Insurance Company Ltd,13.2,12.0,14870,630,6,3,24.0,6.0,,,,,,,,Financials,Life Insurance,Large Cap,29.62636069432181,8.319253359079571,33.2217949358238,17.4439244795869,1.773844852358636,100,0,25.65
46,NTPC,2022,12.53,12.78,30,1.5565,4.8177,0.319,18897,22891,17,1.396,41,210707,41788,NTPC Ltd,10.58,12.52,132669,16960,17,30,,,,733611.88,778448.75,54.44,0.57,34.87,0.34,Energy,Power & Utilities,Large Cap,11.98051017483519,24.37775330396476,37.97468354430382,9.335989681698836,69.28713831564201,0,0,23.67
47,LT,2021,176.9,9.5,17,0.1093,2.6869,12.7012,17324,5750,82,40.5778,44,798,23074,Larsen & Toubro Ltd,17.18,10.49,135979,12921,82,17,,,,690472.41,723135.04,13.01,9.07,9.08,3.34,Industrials,Engineering & Construction,Large Cap,8.259285444568524,6.525872606274619,13.20754716981132,16.15259524354914,100.0,0,0,21.64
48,M&M,2022,15.39,8.04,16,1.6469,3.5646,0.5231,5996,3252,53,8.4754,20,77605,9248,"Mahindra & Mahindra Ltd
",26.98,17.99,90171,7253,53,16,,,,3425061.3,3221889.8,52.32,14.96,6.22,3.79,Consumer Discretionary,Automobiles,Large Cap,9.51771729859657,26.21773015099854,0.2000250031253906,0.0,100.0,0,0,21.34
49,DMART,2018,17.26,5.36,9,0.094,24.0167,2.6617,1194,464,13,0.7482,0,439,730,Avenue Supermarts Ltd,19.4,14.5,15033,806,13,9,,,,,,,,,,Consumer Discretionary,Retail,Large Cap,16.76746530200822,9.900146127618122,0.02500312539067382,100.0,34.6353897557783,0,0,20.88
50,TVSMOTOR,2016,23.58,3.77,7,0.5998,13.0286,2.2108,331,605,9,3.7896,28,1091,936,TVS Motor Company Ltd,,,11377,429,9,7,,,,,,,,,,Consumer Discretionary,Two Wheelers,Large Cap,41.26928743118553,0.2191914271797372,0.0,88.99611830824917,4.908546036994936,0,0,19.99
